ID,Title,Artists,lyrics
161917,誰にも言えないキスのあと,中川翔子,きっと「孤独」だけが　二人のこと　繋いでるもっと　居すぎたら　また　壊れてく愛も知らないのに知ったかぶりしてどっかで　誰かが　私を　指さす何にもイケナイコトならしてないよ…ねぇ？誰にも言えないキスをしたあと涙が出るのは　なぜ…全部　許すから　私だけを　抱きしめてもっと　欲しがれば　また　壊れてく愛してるなんて言わなくていいから上手に　上手に　騙して永遠なんかを信じるイイ子じゃないの誰にも言えないキスをしたあと涙が出るのは　なぜ…誰にも言えない恋でもいいのあなたしか愛せないの胸の奥の　空洞は　あなたが笑う　顔と多分　ちょうど　同じ　形だからあふれそうな想い塞いで愛も知らないのに知ったかぶりしてどっかで　誰かが　私を　指さす何にもイケナイコトならしてないよ…ねぇ？誰にも言えないキスをしたあと涙が出るのは　なぜ…誰にも言えない恋でもいいのあなたしか愛せないの
26954,D-tecnoLife,UVERworld,癒えない　痛み　悲しみで　キズついた　君よ消せない過去も背負いあっていこう　生きる事を投げ出さないでつないだ君の手をいつか失ってしまうのかな薄れていく　笑顔と君を守りたいから響く僕を呼ぶ声さえ枯れ時に沿う風にかき消されたって君を見つけ出す癒えない　痛み　悲しみで　キズついた　君もう笑えないなんて　人嫌いなんて　言葉そう言わないで見えない未来に起こる事　全てに意味があるから今はそのままでいい　きっと気づける　時が来るだろ錆びきった人のように重なり合うだけが虚しくて一人で生きて行けるって言ってたありふれたやさしさ言葉じゃ今はもう届かないほどに　君は疼きだすつないだ君の手は　なにげないやさしさを求めDo you remember痛みを知る事で　人に優しくなれるからDrive your Life癒えない　痛み　悲しみで　キズついた　君もう笑えないなんて　人嫌いなんて　言葉そう言わないで見えない未来に起こる事　全てに意味があるから今はそのままでいい　きっと気づける　時が来るだろHow can I see the meaning of life消えてく　your’re the only… こわれないようにと 離れていく 君もう笑えないなんて 人嫌いなんて　言葉そう言わないで今は by and by　見え無くったって　全てに意味があるから消せない過去も背負い合ってこう　生きる事を投げ出さないでYou'd better forget everything.Remember…your different Life?You'd better forget everything.Remember…戻らないけど歪んだ記憶のような　時の中でいつか解りあえるから
131020,BLAZING FIRE welcomez RYO from ORANGE RANGE,INFINITY 16,"BLAZING FIRE ETERNAL FIREFIRE KEEP BLAZING WI DON'T NEED NO WATERBLAZING FIRE MEK MI SI YU LIGHTER燃やせ永遠に WI A GO BUN DEM NOW, DONE DEM NOW YO…BLAZING FIRE ETERNAL FIREFIRE KEEP BLAZING WI DON'T NEED NO WATERBLAZING FIRE MEK MI SI YU LIGHTER燃やせ永遠に WI A GO BUN DEM NOW, DONE DEM NOW YO…熱くMOVING うねり出す空気　音LOOPし分身し　実にMOODYにMIC持つ武士が語る数時間の場　称そう「DANGEROUS AREA」フロアを虜に　その他を飲み込み　飽くなき探究心は火事場にのみ咲き“FIRE BUN”　響くファンファーレ着火ライター引火FIRE ARE YOU READY NOW?BLAZING FIRE ETERNAL FIREFIRE KEEP BLAZING WI DON'T NEED NO WATERBLAZING FIRE MEK MI SI YU LIGHTER燃やせ永遠に WI A GO BUN DEM NOW, DONE DEM NOW YO…BLAZING FIRE ETERNAL FIREFIRE KEEP BLAZING WI DON'T NEED NO WATERBLAZING FIRE MEK MI SI YU LIGHTER燃やせ永遠に WI A GO BUN DEM NOW, DONE DEM NOW YO…YO 互いに頂点極めた孤高の危ない侍が拳交わしマイクを握れば文明開化たちまち国境飛び越え伝わるJAPANからJAMAICAAMERICA AFRICA ASIAに EUROPE OCEANIA昇天したけりゃついてきな　上限なんてぶっちぎってきな挑戦したけりゃ　冒険したけりゃ飛び込みな　DANGEROUS AREAとうせんぼする奴らには導線に点火して即BOOM BAM燃え盛る　俺達の魂は SHINE LIKE ABLAZING FIRE ETERNAL FIREFIRE KEEP BLAZING WI DON'T NEED NO WATERBLAZING FIRE MEK MI SI YU LIGHTER燃やせ永遠に WI A GO BUN DEM NOW, DONE DEM NOW YO…BLAZING FIRE ETERNAL FIREFIRE KEEP BLAZING WI DON'T NEED NO WATERBLAZING FIRE MEK MI SI YU LIGHTER燃やせ永遠に WI A GO BUN DEM NOW, DONE DEM NOW YO…そこのRUDIE きてねぇか?　ビンビン　ほれよ～く見っ!　これ現場の醍醐味なきLIMIT　細胞がビリッ!　美らBEAT BEGINNING　神秘のシーン真っ赤っ赤な目で着火　ブラッ!　ブラッ!　ブラッ!と声上げるラッパー DJ MC DANCER ENGINEER SELECTOR全てのENTERTAINERパンパン!と鳴り響くぜGUN SHOTバンバン!飲み干せ　テキーラ　シャンパンまだまだ　まだまだ　まだまだ　まだまだ　宴盛り上げてくぜガンガン!踊り狂え SEXY GAL DEMフロア舞う天使 HIGHになる絵さぁ　RUDEBOY DEM闇の元で　火を灯せ　YOU GOTTA DIVING FIRE昇天したけりゃついて来な上限なんてブッちぎってきな挑戦したけりゃ　冒険したけりゃ飛び込みな DANGEROUS AREA16 ＆ ORのRYOが脳天めがけ言葉吐く瞬間内に眠るお前の才能が　SHINE LIKE ABLAZING FIRE ETERNAL FIREFIRE KEEP BLAZING WI DON'T NEED NO WATERBLAZING FIRE MEK MI SI YU LIGHTER燃やせ永遠に WI A GO BUN DEM NOW, DONE DEM NOW YO…BLAZING FIRE ETERNAL FIREFIRE KEEP BLAZING WI DON'T NEED NO WATERBLAZING FIRE MEK MI SI YU LIGHTER燃やせ永遠に WI A GO BUN DEM NOW, DONE DEM NOW YO…"
237664,Fourside Moonside,サイダーガール,明かりのない部屋の暮らしに寂しさを重ね合わせて誰かのせいにしたって誰にも咎められやしないいつかは振り向くかなそんな夢を見てしまうんだ何もない日々から船を飛ばそう　月の果てまで君の価値を知るのは他の誰でもない暗くも明るい街は無重力の星の上にイエスと言えばノーとなる赤いポストが歩いてるいつかは笑ってくれよそんな無責任には言えないな解れてゆく日々から愛を覗く　後悔の果てに何に価値があるのかは君が決めることだ銀河を廻せば　言葉は些細さ自由に行こうぜ　この世界の全ては君だけのもの今日も何もない日々から船を飛ばそう　月の果てまで君の価値を知るのは他の誰でもない
161913,NO MERCY,B.A.P,"Yeah, sounds good!We fly here B.A.P, leggo!Boom clap! boom boom clap! x 3Yeah, let it go something like..間違い探しのジレンマじゃあ俺ら見せてやるしかないか遊びじゃない　この Attitude　リアルな見せてやるぜ本当のカリスマ量産されてく薄っぺらい ICONルーツを無視してどこまでも Goin'on誰ひとり言わない本音の spokesman錆びた耳に RAP　聴かせる Impact古びたパラダイム　壊して We so fly新しい時代　創り出す感度を上げて　僕を感じてYo　カッコだけのフェイク Let me work out蹴散らしてくぜ We are world wideNo, no, no, no mercy!Yeah, we are the B.A.PBaby wussup! 刺激もっと手加減なしの危険な RIOTNo, no, no, no mercy!Yeah, we are the B.A.P君をきっと　未体験 Zone連れてってあげるよ put ya hands up準備出来たら　さぁ get ya hands upBoom clap! boom boom clap! x 3Yeah, let it go something like..より取り見取りだけど We are the main音楽は心syncさせるゲームブレないMy Style we makin'classic　試してみてすぐにプレイに夢中にさせてあげる We'll be back一瞬だって　見逃さないでYo　カッコだけのフェイク Let me work out蹴散らしてくぜ We are world wideNo, no, no, no mercy!Yeah, we are the B.A.PBaby wussup! 騒げもっといきなりトップギアまで上げろNo, no, no, no mercy!Yeah, we are the B.A.P君をネクスト　レベルへと引き上げてあげるよ put ya hands up準備出来たら　さぁ get ya hands upNo, no, no, no mercy!Yeah, we are the B.A.PBaby wussup! 刺激もっと手加減なしの危険な RIOTNo, no, no, no mercy!Yeah, we are the B.A.P君をきっと　未体験 Zone連れてってあげるよ put ya hands up準備出来たら　さぁ get ya hands up"
712,いのち川,宮史郎,惚れてよかった惚れてよかった あなたを信じついてゆきます 振り向かないでつらい運命に 耐えながら水にただよう浮草もいつか花咲く ときがあるしあわせ求めて あゝ いのち川もしもわたしがもしもわたしが 迷ったときは抱いてください 叱って欲しいこんな男で すまないと苦労いたわる 優しさにうれし涙が 目にしみる心をひとつに あゝ いのち川離れられない離れられない このひとだから命ひとすじ 尽くしていたいたとえ日陰の 暮らしでも悔いはしません 泣きませんいつか花咲く ときがくる明日もあなたと あゝいのち川
173627,ファッションパンク,アーバンギャルド,ファッションパンク　ファッションパンクファッションパンク　ファッションパンクファッションパンク　ファッションパンクファッションパンク　パンクファッションパンクしそうなの　「やめて」「やめて」パンチになりそう　「こわい」「こわい」ポンチなアタマを　「とめて」「とめて」ウツがやって来る　ヤァ！ヤァ！ヤァ！おくすり飲もう　デパス　パキシル　コントミン魔法のコトバ　リーゼ　リタリン　レボトミン赤いキャンディ　青いキャンディまぜてごっくんするだけで大人になったり子供になったり少女になったり女の子みたくなれるのファッションパンク　ファッションパンクファッションパンク　ファッションパンクファッションパンク　ファッションパンクファッションパンク　パンクファッションおくすりあれば　アナフラニール　アミプリンわたしになれる　ソラナックス　サイレースおくすりなけりゃ　デプロメール　エフェドリンわたしはきえる　ドグマチール　ハルシオン不安定です　不安なんですだけどごっくんするだけで笑顔になったり優しくなったりウサギになったりアリスみたくなれるのパンクしそうなの　「やめて」「やめて」パンチでノーミソ　「こわい」「こわい」ポンチなモウソウ　「とめて」「とめて」ウツがやって来る　ヤァ！ヤァ！ヤァ！涙が止まらない…「あいしてる」「だいきらい」(注)幻聴 ですおくすり飲もう　デパス　パキシル　コントミン魔法のコトバ　リーゼ　リタリン　レボトミン唱えて安心　デパス　パキシル　コントミンいつかわたしも リーゼ リタリン レボトミンファッションパンク　ファッションパンクファッションパンク　ファッションパンクファッションパンク　ファッションパンクファッションパンク　ファッションパンク
18557,赤い命 feat. Erykah Babu,MISIA,"Tell me a story that happened in the distant pastTears of sorrow and red destinyWhat can we leave for the distant future now?Tears of sorrow and red destinyThe sun dyed the wind from the wastelandThe wind swayed my long hairTell me a story that happened in the distant pastTears of sorrow and red destinyShimmer of a man walks the wild desert, is wavering and fades awayA mistake is repeatedBut when will it be over?夕日に染められた荒野の風が吹いて長い髪を揺らしてた遠い遠い昔の話を聞かせて悲しい涙と　そして　赤い命広い砂漠を歩く人々のかげろうゆらゆら揺れて消えてく遠い遠い過去からこぼれ落ちる悲しい涙と　そして　赤い命繰り返す同じあやまちいついつまで遠い遠い昔の話を聞かせて悲しい涙と　そして　赤い命遠い遠い未来に　今　何を残すだろう悲しい涙と　そして　赤い命"
263933,Center Of The Earth,a flood of circle,3月の風を全身で受けて桜の花みたいに舞い上がれさんざん汚したコンバースで可愛くて憎たらしい笑顔であんなに悲しい日さえも頬張ってたね　青い春をサンキューベイビー　最後まで笑ってくれまともじゃなくても　大好きだよサンキューベイビー　バイバイは言わないぜ白い光の中で恥かいて　ミスって　チョロまかしてあくびして　どれもが大事だったよまあいいや　なんて言えなくていい越えて来たのさ　長い冬をサンキューベイビー　最初まで戻れても同じこと言うよ　大好きだよサンキューベイビー　バイバイは言わないでにじむ光の中でどんな後悔をしても　君がいれば爆笑だぜ忘れないで　世界の真ん中はいつも君だってことこの道はまだ続くだろう離れ離れの日も君へ溢れていくサンキューベイビー　最後まで笑ってくれてまともじゃなくても　大好きだよサンキューベイビー　バイバイは言わないぜ次の光の中へサンキューベイビー本当におめでとう　大好きだよサンキューベイビー　泣けるほど笑える日々をサンキューベイビー
115849,宮良橋節～えんどうの花,成底ゆう子,～宮良橋節～宮良川港(みやらがわんなと)　橋(はすぃ)やねぬ大川(うふぅがーら)南端(はいばだ)や北端(にすぃばだ)に　渡(ばだ)しょたる渡(ばだれ)テンヨー　テンヨー　シトゥルトゥテン～えんどうの花～えんどうの花の咲く頃は　幼い時を思い出す家(うち)の軒端に　巣をくって暮れ方帰った　あのつばめえんどうの花の咲く頃は　冷たい風が吹きました妹おぶって暮れ方に苺を取りに　行った山今朝は冷たい風が吹き　つばめが一羽飛んでいるえんどうの畑　寒けれどわたしゃひとりで　帰りましょうわたしゃひとりで　帰りましょう
214958,小さなアリ (Live ver.),奥華子,夢って　夢って　何だか分からないどうしても現実を見ちゃうからね愛って　愛って　何だか分からない自分が欲しいから与えるのかな？人間って　人間って　何だかわからない生きてるだけじゃ暇だから　色々してるのかな？自分の事さえも　何だか分からない色んな物がゴチャゴチャありすぎてあぁ　無い物ねだりの日々は　いついつまで続くの？うわべだけとか　見かけとか　世の中そんなものばかりで何が本当なの？何が大事なの？いろんな欲を持った自分がいて　綺麗ごと言って格好つけても裸になった自分はきっと何も無い会いたくて　会いたくて　あなたに会いたくて邪魔になるものを全て　投げ出したくなるけどいつも一人になりたくないから　周りに合った自分がいたあぁ　地震や雷が　一番恐いものなんかじゃないそう　人の中で生きてゆく事が　何よりも恐くて小さなアリは　こんな大きな道や人の中で恐くないのかい？一番残酷で　一人じゃ何も出来ないこの地球を守る事さえ出来ない何が本当なの？何が大事なの？いろんな欲を持った自分がいて　綺麗ごと言って格好つけても裸になった自分はきっと何も無いありのままの姿を自分に見せよう
35251,CHANCE!,UVERworld,It's chance chance chance. Let's begin.Trans.somebody with this. One wish.Makin' sound with beats. Shakin' Dancin' UVERworld.Start! Just keep! Lastは楽勝でピースPeace! Attack! Everybody! Rock time! Big show time!その気になっても　いつも裏切る時代(とき)だけど投げ出す気持ちStop!　向き合うキミRespect!強く願う思いは　届くから時はPrecious! どんな時も愛する人の為に輝いていたくてそうNice your smile keep! そういつか Get chance!キミの心の声に　答えてあげたくて叶うはずないあの日の夢が未だに胸の中瞬くからいつだって時は最初まで戻れるあきらめないで　追いかけ続けていたいよGet chance like this音もっと上げて行こう終わりなんてないしノっていきな　もっといつかは消えていく恥なんてかまわないで笑顔と光そのままで時はPrecious! どんな時も愛する人の為に輝いていたくてそうNice your smile keep! そういつかGet chance!キミの心の声に　答えてあげたくて叶うはずないあの日の夢が未だに胸の中瞬くからいつだって時は最初まで戻れるあきらめないで　追いかけ続けてここにあるいくつもの奇跡とメロディーと言葉のかけら握り締め一切後悔なんてしたくない答えを見つけ出せるまで　振り向かないままいたいよBreak! Show time!Get down! どうだ? こんな感じがUVER! 全てのStyleが偶然の一致これ聞きゃ損なし　Look at me! 比べてみ? その周りとのMusic価値も明らかな原寸大　音との会話はずむPlayerそうMakin'　そうCheckin' One thing uniting for us. One Peace!届かなくても時はPrecious! どんな時も愛する人の為に輝いていたくてそうNice your smile keep! そういつか Get chance!キミの心の声に　答えてあげたくて通らない声に耳寄せ　思いは儚く薄れて行く　キミの恋だって諦めるまでEndless line叶うはずないあの日の夢が未だに胸の中瞬くからいつだって時は最初まで戻れるあきらめないで　追いかけ続けてここにあるいくつもの奇跡とメロディーと言葉のかけら握り締め一切後悔なんてしたくない答えを見つけ出せるまで　振り向かないままいたいよ
18753,友情～心のブスにはならねぇ！～,モーニング娘。おとめ組,独りの日も良いんだよありがたさに気付くさ「仲間」というOHI OHI OHI OHI OHI… U CAN DOOHI OHI OHI OHI OHI… U CAN DO不器用な方だけど「ひた向き」という　Oi　ポリシー　Oi忘れず生きたい負けねえ　絶対　負けねえ錦飾る　Oi　日まで　OiHIGH HIGH HIGH負けやしねえU CAN DO　U CAN DO同じ学校指定制服時代私服にあこがれてた　Oi Oi Oi Oi「自由」って　難しいんだね全部　自分で決めるってブサイク(って言われ)ったって構わない心のブスにゃならねえ立ち上がれ　Oi　這い上がれ　Oi行くぜ不器用だから良いんだよ一生懸命　という　Oi　言葉　Oi意味まで覚えた独りの日も良いんだよありがたさに　Oi　気付くさ　OiHIGH HIGH HIGH「仲間」というOHI OHI OHI OHI OHI… U CAN DOOHI OHI OHI OHI OHI… U CAN DO孤独に負けそうな時ここに戻ればいい田舎で育んだ人生誇りに思うなら　Oiしわが増えたって仕方ねえ心のブスにゃならねえまだまださ　Oi　ここからさ　Oi行くぜ不器用な方だけど「ひた向き」という　Oi　ポリシー　Oi忘れず生きたい負けねえ　絶対　負けねえ錦飾る　Oi　日まで　OiHIGH HIGH HIGH負けやしねえいつか　ここを離れ巣立って行き　必ず成功するから負けねえ　絶対　負けねえ錦飾る　Oi　日まで　OiHIGH HIGH HIGH負けやしねえ不器用だから良いんだよ一生懸命　という　Oi　言葉　Oi意味まで覚えた独りの日も良いんだよありがたさに　Oi　気付くさ　OiHIGH HIGH HIGH「仲間」という不器用な方だけど「ひた向き」という　Oi　ポリシー　Oi忘れず生きたいOHI OHI OHI OHI OHI… U CAN DOOHI OHI OHI OHI OHI… U CAN DO…
52220,蒼い時代,中島みゆき,蒼い時代のことやから忘れてやってくださいとあなたの親に謝られても　何のことかわからないわ蒼い時代のただなかで私たちは互いに過去も未来もないことにして固く抱きあったね正しくても間違いでもかまわなかったあなたといることだけしか思わなかった蒼い時代のことやから忘れてやってくださいとあなたの親が頭を下げる私は陽だまりを見るあんな昔の約束をあなたが覚えていたなんて驚きました　私はとうに今の暮らしに変わっていますあなたと同じ目元がうるんだように安らぐガラスの中に私は見てる遠い陽だまりの日々正しくても間違いでもかまわなかったあなたといることだけしか思わなかった蒼い時代のことなんか幻でした約束は信じてなんかいませんでしたこれで良かったのよね
188007,Lyra,鈴木康博,あれから僕は　いくつかの出会いと別れをくり返し　そしてきみの顔さえ　忘れかけてた長い時が流れた知らずにいたんだ　何も知らずに僕はこの世界のどこにも　きみがもういないということLyra Lyraふたり暮らした　線路ぎわのアパート踏切の音がしてた星を見た夜　白い息をつつんだきみの赤い手袋肩を寄せ合い　ながめた風景を覚えている人は今は　世界に僕ひとりひとりだけ悲しむには遠すぎてただ心に　風が吹き抜ける明日からもきっと　何もなかったように生きていくだろう　僕は空の青さが　今朝はまぶしすぎるこの世界のどこにも　きみはもういないのに　どうしてきみと過ごした　愛おしい日々を覚えている人は今は　世界に僕ひとり　ひとりだけLyra Lyra
27769,ハートのパティオで逢いましょう,PSY・S,悲しみに　染まらない愛しさが　あれば恋人は　泣きながら素敵に　なれるのいつか喧嘩　したけどきっと今日は　逢えるね光跳ねる　舗道で未来に　キスして風になる　ささやきを伝えたい　あなた声のない　優しさが聞こえてる　私パティオで　逢いましょう着飾った　微笑を捨てたのは　Last X'masワガママも　淋しさもあなたに　抱かれた……もうすぐ……逢えるねほうき星の　ウクレレ想い出　奏でて違うから　恋してるふたつのハートのパティオで　逢いましょういつか喧嘩　したけどきっと今日は　逢えるね光跳ねる　舗道で未来に　KISSしてまばたきを　するたびに近くなる　ふたり恋人は　夢をみて素敵に　なれるのハートのパティオで逢いましょう
213619,のぞみ花,美月優,やる気　負けん気　根性ひとつ親にもらった　宝物名前も知らない　小さな花が冬の寒さに　耐えながら愛と希望(きぼう)の　春を待つ人にかくれて　この胸叩き弱音はきたい　時もある情けを支えに　涙を拭いてどんな苦労も　負けないで越えて行けます　がまん坂山の頂上(いただき)　流れる雲を見れば優しい　母の顔くちびる噛みしめ　心に誓う受けたご恩の　温もりで明日(あす)に咲かせる　のぞみ花
22020,ユメマニテ,siren,溜息が僕を静かに染めてゆく与えた痛みも拭えぬまま今日は過ぎてゆく自ら求めた快楽の果ては癒えない心があの日のまま根を這わしていたなぜかニンゲンという存在が然るべきその進化を経て、溢れそうなこの惑星で出会う…偶然と言うより、もはや必然と言えるのに…分かり合うこと恐れて立ち尽くす素晴らしきこの世界で歓びの歌、いま歌うよただ繰り返す季節に泣き叫ぶことはできないから明日の行方など探してた僕はただ降り注ぐ雨に打たれていた愛情を得るたび心は途切れて気付けば一人の寂しささえ慣れてた僕がいたなぜかニンゲンという存在が然るべきその進化を経て、壊れゆくこの惑星で生きる…老人は僕に問う今を漫然と過ごすのか?飲みかけのビン…手を伸ばしてた僕…素晴らしきこの世界で歓びの歌、いま歌うよもう満たされた体と縛られた心を持ち合わせて明日の行方など探してた今日は無能な笑みを浮かべ続けてた感情の無いニュースを眺め午前5時をまた迎えていた…冷たい部屋に漂う僕は力一テンを射す光りの向こう側に君を見たよそれに手を伸ばす…素晴らしきこの世界で守るべきモノ手にしたときここにある何もかもを犠牲にする事、出来るようにいつまでも止まぬ雨よ…僕たちを濡らしてゆけ…明日の行方などもう捜さないでただユメマを彷徨よう日々から愛は生まれないから…
241992,Hello Hello,Apink,"さよなら　昨日までの自分　新しい私 Say Hello！上手くいかないことって　どうして重なるのかなショーウィンドウ立ち止まって　そっとため息笑顔になれそうもないだけど本当はわかってる　今のままじゃダメね描く理想へのドア　勇気出して開いてみようさよなら　昨日までの自分　イメチェンしてPositiveにVersion Up！　出来たなら新しい今日をまた彩ってゆけるHello Hello, My Destinyどうせ似合わないって　普段は避けてた色ももしかして実際はただの勘違いでそんなのもったいないそうよ　周りと比べて落ち込んでたらダメね私だけの魅力　きっとあると信じてみようさよなら　こわがりな自分　イメチェンしてNegativeはもういらない　顔上げて新しい一歩　また踏み出せるからMy Destiny青い空流れる　白い雲のように Uh Ah何度でも自由に変わりながらゆくわ前向きなSay Hello！ Uh Yeahさよなら　昨日までの自分　イメチェンしてPositiveにVersion Up！　出来たなら新しい今日をまた彩ってゆけるHello Hello, My Destiny"
269586,RPG,寺島惇太,あぁ　太陽は当たり前のように朝を知らせるあぁ　僕はまだ「今日」の使い方もわからないままねぇ　何してる？君がいなくちゃ　楽しくないやリアルにゲーム「最初から」ちゃんとやり直したいけどきっと　どんな場面でも君が顔を出してどうでもいい事まで大切にさせるから消えない　消せない　君とのストーリー「さよなら」の声だけがバグったみたいに　響いている地図をなくした僕は　独りで　さ迷う旅人さ恋はもう終わったのに　終わらないRPG何故　こうなった？結ばれたなら CLEARにしてよヘラヘラ笑うあの日のままでセーブさせてよたくさん　ここまで間違えてきたんだろう大切な物も　見過ごしてきたんだろうそれでも　君の側にいたかった滲んだ目の　その理由(わけ)を僕は　今でも　探している宛てもなく　さ迷う僕をどうか　笑ってくれないか君はもういないのに　終わらないRPG「さよなら」の声だけがバグったみたいに　響いている地図をなくした僕は　独りで　さ迷う旅人さ恋はもう終わったのに消せそうにないからしばらくは　この恋と旅を続けるよ
41178,おやすみ,松山千春,おやすみ 愛しい女おやすみ 僕の胸でおやすみ かわいい女おやすみ 僕の胸でそして明日も僕のために明るい笑顔をみせて下さいおやすみ 愛しい女おやすみ 僕の胸でおやすみ かわいい女おやすみ 貴女に告げようだって貴女は たったひとりのかけがえのない女だからおやすみ 愛しい女おやすみ 僕の胸でおやすみ かわいい女おやすみ 貴女に告げよう
79643,朝ANSWER,PENGIN,流れに沿って生きてゆけばいい逃げ場所見つけて　隠れちゃえばいい顔色変えないで　頷いたふり『なんとかなるよ』全部、問題は後に回したり気づけば取り残されて君の背中追いかけるばかりの鳥になってあの空に憧れ雲を掻き分けて光を探す朝になっても　霧が溶けずに陽が昇っても　君は見えないけど僕の世界に闇が誘いかけても笑い飛ばして　光探すよ　今を楽しんで謎だらけの意味が解けない罪だらけの日々に愛をくれる確かな今日と　まだ見ぬ明日の答え探しの旅に出るその声を　聞かせて…無縁の世界なんてあるのだろうか?無念で終えるより貫けばいい裏切られても傷つかないぐらいの距離冷めた関係が寂しかったり納得がいかなくて明日の自分、本当の自分じゃないようで何かに脅えて熱い想い何処に辿り着ける君にとってのチカラになりたいたった一人でも声を上げたいもし誰か無邪気に僕の背中に指を指しても強く　立ち上がれよ　曝け出せ変幻自在で厳選したい先はいったい何処が安全地帯!!出会いの中で信じていたいのさ　踏み堪えるぜ　限界はないLOW　HI　MIDDLE　合わせたなら　勝敗挑む　間違いは無いget up get up さぁ朝になれ　決意拳の中　walk this way!!まるで僕らは常識に迷い込んでる当たり前のカタチに恋を抱いてる神の子達はいつの間に踊らされてるそれがイヤなら　そのカベ今すぐ壊せ!!!!朝になっても　霧が溶けずに陽が昇っても　君は見えないけど僕の世界に君が微笑んだなら全ての闇に光が射すよ痛みを越えて君にとってのチカラになりたい愛だらけの日々になるように抱えきれない程の夢を探そう見えないけれど　確かにその声が　聞こえる…
133151,故郷,LEGEND,兎追いし　彼の山小鮒釣りし　彼の川夢は今も　巡りて忘れ難き故郷如何にいます　父母恙無しや　友がき雨に風に　つけても思ひ出づる　故郷志を　果たしていつの日にか　帰らん山は青き　故郷水は清き　故郷
334,あの夏の花火,DREAMS COME TRUE,遠くから　胸震わす　音が響いてくる蒸し暑い　闇の向こうが焼けている閃光が呼び覚ました　あの夏の花火を川風が運んだ　火薬の匂いを人であふれる堤防　はぐれないように間近で見た10号玉　まばたきを忘れた今頃　あなたも　どこかで　思い出してるの?あの日のこと友達にひやかされた　もう夏の初めには2人して　鼻と頬だけ　焼けていた川に落ちる花びらが　消えていく間際に立てる音がせつなくて　目をそらせなかった今頃　あなたも　誰かと　今年の花火を見てるの?散ってく季節を　一緒に生きて行ける人　見つけた?残る煙り　かすむ大三角主役うばわれた　8月の星座今頃　あなたも　どこかで　思い出してるの?あの夏の花火を今年も綺麗ね　あの日と同じように　輝く花達今頃　あなたも　どこかで　散ってく季節を生きてる今頃　誰かと――
28989,STRESS INTO DI BRAIN,BOXER KID,PEOPLE CRY OUT　このままでは消えてしまうライトBOXER ALONGSIDE LEFTSIDE　見せるFLIGHTTHIS ONE NAME STRESS INTO DI BRAIN気分がグレーになるからまるチェーン　NOいい加減にしてくれ　もう我慢の限界バビロンシステムSTRESS INTO DI BRAIN　暗闇からのインディペンデント　YEH善と悪見つめ直すため　真実語る切ない説明FOR EXAMPLE俺ら　まだこの国じゃ鳴く閑古鳥　思うにこの好みほど程々に　楽しめるものなんて無いのに意味なく疑うポリス　お堅い頭のまま　DONT BELIEVEそれならいつまでも言うつもり　SMORKING TREE　で　EVERY THING CRISSTHIS ONE NAME STRESS INTO DI BRAIN気分がグレーになるからまるチェーン　NOいい加減にしてくれ　もう我慢の限界バビロンシステムSTRESS INTO DI BRAIN　暗闇からのインディペンデント　YEH善と悪見つめ直すため　真実語る切ない説明FOR EXAMPLE MONEY　手に入れるため探すネタになる種妙に不条理な世の中で繰り広げられる様々な場面冷たい雨吹き付ける風　その一度だけの大きな賭けピンチの後来るチャンス待て　掴むまで諦めること無かれTHIS ONE NAME STRESS INTO DI BRAIN気分がグレーになるからまるチェーン　NOいい加減にしてくれ　もう我慢の限界バビロンシステムSTRESS INTO DI BRAIN　暗闇からのインディペンデント　YEH善と悪見つめ直すため　真実語る切ない説明FOR EXAMPLE DANCEHALL　積み重ねてきた盛り沢山の歴史と文化に強く反応して　リアルになるとすごく感動時に迷い込むダンジョン　でもこの音楽があれば大丈夫余計なネガティブは解除したなら　R街道まで　即ガイドDONT FORGET REMEMBER THE DAYS　思えば始まりはいつからかDONT FORGET REMEMBER THE DAYS　強く立ち上がった自らがDONT FORGET REMEMBER THE DAYS　瞬く間に時はたつがDONT FORGET REMEMBER THE DAYS　決して忘れられないはずだTHIS ONE NAME STRESS INTO DI BRAIN気分がグレーになるからまるチェーン　NOいい加減にしてくれ　もう我慢の限界バビロンシステムSTRESS INTO DI BRAIN　暗闇からのインディペンデント　YEH善と悪見つめ直すため　真実語る切ない説明PEOPLE CRY OUT　このままでは消えてしまうライトBOXER ALONGSIDE LEFTSIDE　見せるFLIGHT
140356,夢より素敵な,Raphael-Starring 華月-,一人きりの空　ふと気がついた見えないくらい　いつも側にいた　そう君の事言えない不安に怯える夜も僕よりも僕を信じてくれた　そう君の声僕がいる事も　笑える事も一つ一つの小さな奇蹟　君に逢えた事見えない時でも　信じ合えたから目を開いて　見せてあげる　そう二人の世界今 夢より素敵な　夢を見せてあげるから…終わりはしない　二人の Never Ending Love Storyどんな優しさでも　寂しさはかくせないね寂しさの一つ一つに　僕がいれたら崩れそうな苦しみも　伝えられぬ夜も信じてくれたね　だから今僕が　癒してあげる今　誰より素敵な僕で君を包むからさあ　始めよう二人だけの物語そう　何より素敵な場所はここだから…また逢えるよね　誰より素敵な君に今　夢より素敵な　夢を見せてあげるから…終わりはしない　二人の Never Ending Love Story
197318,チョコレート・ホリック,トゥライ,最初はただ“好き”で次は“愛してる”いつの間に　気付かないうちにはまっているんだもうお腹いっぱいって　そう思ったのにどうしても　いま欲しいやめられなくなっていく愛が足りないよって　叫ぶんだこれじゃ足りないよって　嘆くんだきっと短い夢　いくつも見ていた溶け出すチョコレート　指先ですくってその甘さが当たり前になった頃　注ぎ足す零れたチョコレート　甘さと引き換えにそれ無しでは生きていけない危険な中毒(ホリック)だから単純明快な欲望に支配されその場から勣く事さえ出来なくなるように愛が足りないよって　叫ぶんだこれじゃ足りないよって　嘆くんだきっと短い夢　誰より望んだ流れ出すチョコレート　手のひらで受け取るこの涙と混ざりあって　切なさこみ上げる色づくチョコレート　白い床汚して広い部屋に香り残す危険な罠(トリック)だろう？もうお腹いっぱいで　もうこれ以上要らないそれなのに　いま欲しいやめられなくなっていた溶け出すチョコレート　指先ですくってその甘さが当たり前になった頃　注ぎ足す零れたチョコレート　甘すぎた代償それ無しでは生きていけない悲しいだけの　チョコレート・ホリック
167009,空虚な部屋,MUCC,暗い部屋　子守歌唄ってあげるさぁおやすみ飲み干して　眠り薬さぁ夢の中へ熱帯夜　深爪の指で探る鳴らない電話誰からも必要とされていない錯覚に陥るいつまでも　この部屋の小さな窓から聖者の行進をただ眺めているだけ生命の太陽は　この部屋を照らしてはくれない存在の証明失い堕ちて行く加速度を上げて飲み込んだパラノイアビー玉の眼球はこの世界を屈折歪ませ写し込む悲しき孤独病に侵された心何もない世界空虚で鬱なる世界真白な壁にへばりつく影が笑った漠然たる孤独の中で誰かオレの名を呼んでくれこのオレの存在をこのオレの存在を何もない世界空虚で鬱なる世界真暗な部屋にへばりつく彼は叫ぶ叫ぶ存在の証明誰かオレの名を存在の証明生きている意味を
78136,もどかしい日々,サカナクション,夕日が痛いな　そこに一人溺れかけた時代の向こうに渦巻く空　そこに何があるかわからないけど生きていた隣同士でわかったのは　赤いその服のように手招きする君の横顔はめくるめく日々の欠片のよう
198211,サボテン,ソン・シギョン,ヌン　トゥジ　マラヨ　チャムドゥン　チェ　クニャン　イッソヨ　クデヌンムル　モッボン　チョク　ハルケヨハンボンマン　ト　クデエ　コウ　ノルグルル　カスメ　セギルス　イッケヘジョヨナル　チャプチマラヨ　ネ　モンナン　サラン　アネソ　クデン　ノムヒムドゥロツチャナヨネ　ヨクシミ　クデルル　ケウル　ス　オプケ　イデロ　マロプシ　トナルス　イッケ　トワジョヨサランヘソ　ネガ　カカイ　カルスロク　クデ　マメン　サンチョガキポジョウリヌン　ノムナ　タムジ　モテッジョ　ウリエゲ　ホラッデン　ゴンクジョ　パラボヌニルコジスル　マラル　テン　ネ　ヌヌル　ピハドン　クデル　ネガ　ノムナチャル　アルジャナヨピョンハモプシ　サランハンダヌン　コジンマル　オイリョ　ネ　マムルビョンドゥルゲ　ヘッチョ　アルジャナヨサランヘソ　ネガ　カカイ　カルスロク　クデ　マメン　サンチョガキポジョウリヌン　ノムナ　タムジ　モテッジョ　ウリエゲ　ホラクデン　ゴンクジョ　パラボヌニルホンジャ　カヤハル　クデエ　ギリ　ヒミ　トゥルテン　ナエ　イルムルブロヨアナジュル　スヌ　ノプチマン　クデル　チキョジュル　スイットロッカックムシンマン　ナル　チャジャジュル　ス　ノンナヨ　タルン　サラムハムケラド　チョアヨクデエ　モスブマン　ボル　ス　イッタミョン　ケンチャナヨオルマドゥンジ　キョンドョネル　ス　イッソヨナ　キダリルケヨ
88149,化粧,坂本冬美,化粧なんてどうでもいいと思ってきたけれどせめて今夜だけでもきれいになりたい今夜あたしはあんたに逢いにゆくから最後の最後に逢いにゆくからあたしが出した手紙の束を返してよ誰かと二人で読むのはやめてよ放り出された昔を胸に抱えたら見慣れた夜道を走って帰る流れるな涙心でとまれ流れるな涙バスが出るまでバカだねバカだねバカだねあたし愛してほしいと思ったなんてバカだねバカだねバカのくせに愛してもらえるつもりでいたなんて化粧なんてどうでもいいと思ってきたけれど今夜死んでもいいからきれいになりたいこんなことならあいつを捨てなきゃよかったと最後の最後にあんたに思われたい流れるな涙心でとまれ流れるな涙バスが出るまでバカだねバカだねバカだねあたし愛してほしいと思ったなんてバカだねバカだねバカのくせに愛してもらえるつもりでいたなんて流れるな涙心でとまれ流れるな涙バスが出るまでバカだねバカだねバカだねあたし愛してほしいと思ったなんてバカだねバカだねバカのくせに愛してもらえるつもりでいたなんて
235919,我武者羅,CLOWD,無様に生きる　無謀に走る無意味な情は　いらないや無援孤立でも　無抵抗に上等無意義な時間は　いらないや絶望へと　堕ちたなら残るは　這い上がるその手のひらそうさBang up！！ @Good days経験ゼロ%の美談だろShut up！！ @Good days壊せ　理想よりリアルFuck up！！ @Good daysみっつ先　見据えたいんならそう　生き絶えろ　我武者羅で一時停止もない　巻き戻しもない編集・カットもない　絶賛生中継自主規制はもう　薄れるほどに今なら言える　「　」！！誰もが　嫌うのだろうそれでも　伸ばすのはそうこの手のひらそうさBang up！！ @Good days甘い水を浴びたいんだろShut up！！ @Good days毒される人生意味もないFuck up！！ @Good daysふたつも心臓は持てないならそう　足宛いてけ　我武者羅でchump boys&chump girlsどんな育ち方をしたって　きっと問題アリでしょどんな生き方をしたって　きっと問題ナイでしょ痛みも　苦しみも笑いも　幸せさえもその手のなかそうさBang up！！ @Good days経験ゼロ%の美談だろShut up！！ @Good days壊せ　理想よりリアルFuck up！！ @Good daysひとつの存在証明しちゃってさもう　敵は自分だけじゃないそして…その手で撃ち抜け
162462,走りぬけた夜の数だけ,アースシェイカー,幼い頃さ　抱えきれぬ夢が覗いた　Road map近くに見えた　あの街がなぜかやけに遠いぜ　夜のFreewayThe daylight and midnight外れたままの　歯車が時を刻む　サイクル乱しはじめても走りぬけた夜の数だけ  俺達は夢に出会えた走りぬけた夜の数だけ  いつも君の笑顔に出会えた人はルールに　情熱も削られ明日を待つのか？夢を語れば“はみだし者”と罵声飛びかう　ふきだまりでThe sadness and loneliness“自分の腕にしまいな”と人気のないParkingおどけ　強がりも見せた走りぬけた夜の数だけ  俺達は夢に出会えた走りぬけた夜の数だけ  いつも君の笑顔に出会えた夢に描いた道は　いつも遠回りさすりきれた革のBoots俺達の証さ走りぬけた夜の数だけ　俺達は夢に出会えた走りぬけた夜の数だけ　いつも君の笑顔に出会えた
240696,僕らの制服クリスマス,=LOVE,君に似合うと思ったんだグレンチェックのマフラー見たことない景色は僕らの制服クリスマス「特別な日なのに　ごめん、待たせちゃって」夕暮れの乾いた風君のスカートが　揺れる「大丈夫　私もさっき着いたところ」少し赤くなった鼻で恥ずかしそうに笑う周りにはまだ内緒にしよう二人の世界が始まる君に似合うと思ったんだグレンチェックのマフラー繋いだ掌から　好きがあふれるコンビニケーキ　冷めたチキン完璧ではないけどこれがきっと「幸せ」僕らの制服クリスマス優しく抱き寄せて　強引にキスをするなんてことできないまま空の色だけが変わる真っ直ぐな瞳　僕は戸惑う君の唇が　近づく僕の気持ちは止まらないよきっと君よりも　もう僕のこのドキドキが　バレないようにそう来年の　クリスマスは僕が勇気を出すね初めてのトキメキは君との制服クリスマス改札の前　君の手つかみ大人にはもう見えない世界制服のまま　飛び出そう君に似合うと思ったんだグレンチェックのマフラー繋いだ掌から好きがあふれる大人になって　今日この日を僕は　思い出すだろう世界中で1番　素敵な君とのクリスマス今　わかった「幸せ」僕らの制服クリスマス
19444,マツケンマンボ,松平健,どこへ帰るのあの女はうしろ姿が　懐かしい抱いてやりたい　黄昏は男心を　揺らすのさア・マンボ　ア・マンボ　マンボ!花を咲かそう　もう一度夢をみようよ　もう一度花の　花の花の松健マンボ恋につかれた　あの女は雨の夜には　すすり泣く泪ぬぐって　あげようか粋な道行き　雨上がりア・マンボ　ア・マンボ　マンボ!花は散っても　また開く夢は散っても　また開く花の　花の花の松健マンボ愛をほしがる　あの女は甘く優しい　眼をしてるどうせ一度の　人生と燃えてみたいと　生きているア・マンボ　ア・マンボ　マンボ!花を咲かそう　もう一度夢をみようよ　もう一度花の　花の花の松健マンボ
164654,ぽっぴんジャンプ♪,チマメ隊,ぽっぴんジャンプ♪ せーのっ！でラッタッタ　行きましょ！春風スウィングしてる通りを行けばいつもの笑顔に　きっと会えるね苺パフェもいいけど　カフェラテ気分ですトキメキの更新は　毎日したい甘い？酸っぱい？それとも苦い？直感を信じて行こうよせーので　ぽっぴんジャンプ♪ 一緒ならなんだって楽しいって夢みる音符みたい　ドキドキが届くはっぴーステップ　笑顔でラッタッタ　駆け出そう晴れのち晴れなんですキラメキに真っすぐ進もう青空と雲みたい　マーブル模様重なる気持ちで　輝くセカイしゅわしゅわサイダー達の　イタズラはじけて目覚めた始まりに　ワクワクしてる好奇心に正直でいようゆずれないものは何だろう先へと　ぽっぴんジャンプ♪ 飛び込んでラッキーもつかまえてあれもこれも全部　カラフルにしちゃえすてっぴんストップ　休憩もやっぱり大事ね！深呼吸で集めた　しあわせの風景　ギュッてしたいキミへと　ぽっぴんジャンプ♪ 一緒ならもうちょっと冒険夢みる音符はじけて　ドキドキと急ぐはっぴーステップ　笑顔でラッタッタ　もっともっと晴れのち晴れなんですキラメキに真っすぐ行こうよぽっぴんジャンプ♪ せーのっ！でラッタッタ　もっともっとぽっぴんジャンプ♪ はじけてラッタッタ　楽しいね
104255,砂漠の雪,MELL,あやまちが許されてゆく　ほんの一瞬顔を上げてときめきに頬を染めたら　時間をちょっと忘れてた12月に三つの願い数えながら噛みしめてた不自然な気持ち辛くて押さえきれずに　伝えたけど…一番の苦しみ　愛する者と別れ癒えた傷失った情熱冷めた瞳(め)あなたが欲しいと叫んだこの心は砂漠に雪が降る様な奇跡二度と現れない夜よ潤して嗚呼傷つけてその指先で…焼き付けて… もっと私を熱く炎が満ち干く様に切り裂いて背中にこもる　罪深げな手から守って人を愛した時に　溢れるものの全てお願い何じくらい一糸乱れてあなたが欲しいと叫んだこの肌は灼熱の夢?おごそかな渇き?ニ度と現れない遠くの蜃気楼この歓びをふたりの息であなたが欲しいと叫べばこの心は砂漠を白く雪に染めるから私の世界ならいらない　その胸を焦がして満たす愛になって行く…
136627,浮かれた大学生は死ね,石風呂,鴨川の沿線上　並ぶ男女の数を数えて眠ろうか　そんな気分だった大量のガソリンを　そこにぶちまけて火を点けよう、火を点けよう今日は、寒いな　けれど僕は一人だからなんなんだ　気になんかしないけど数百の火薬を　そこにぶちまけて火を点けよう、火を点けよう勿論ほんとにゃしなけどていうかそれは犯罪だよ僕らはいつでも健全さ不純がどこにも入る余地がない涙を流しながら　少しだけ笑うような嘘だらけの夜だった言葉をぶつけながら　それを溶かすようなそんな人になりたい　今すぐなりたい御堂筋の沿線上　遥か京の景色思い浮かべながら　京阪電鉄のりこんで車内でいちゃつく　男女の組み合わせ火を点けよう、火を点けようカップルが往く町を　暗黒微笑ですり抜けて天一の本店を僕は目指すのさ人を助けながら　誰かを殺すようなゴミだらけの町だった愛を歌いながら　唾を吐き捨てるような矛盾だらけの僕だった恋人がいないからって、くよくよせんでもいいぜそういうのが一番　イライラするぜ誰も別に　くよくよなんかしてないぶっ飛ばしてやろうか僕らの毎日にゃ嗚呼、甘い町の中で　少しだけ笑えるようなそんな余裕も必要さ辛い毎日の中で　奇しくも笑うようなおかしな僕がいいんだただ最後にひとつ、これだけ言っておきたいな浮かれた大学生は　死ね
65526,海月,LUNKHEAD,じっとりじっとりなんだか汗ばむじっとり熱い夜ぼんやりぼんやりいつかの夏を思い出してしまったひんやりひんやりあの夜僕らは二匹の海月になってべったりべったり纏わり茹だる人の海に揺られていたまっかなまっかなまっかな花火が君のおっきなおっきなおっきな瞳に映る真夏の夜の幻　あの日の恋の幻ありふれた僕たちが背伸びをしたあの夏真夏の夜の幻　あの日の恋の幻あの夏を、あの恋を、何故だか淡く思い出すなんだかなんだかじんわり胸が軋むな淋しくないのに思わず淋しくなるな真夏の夜の幻　あの日の恋の幻ありふれたこの街に今年も夏が来るのだな真夏の夜の幻　あの日の恋の幻あの夏は、あの恋は、もう何処にもないのにひっそりひっそりひっそりひっそり……夜が滲んだ真夏の夜の幻　あの日の恋の幻ありふれたこの街に今年も夏が来るけど真夏の夜の幻　あの日の恋の幻あの夏は、あの恋は、二度と帰ってこない
104712,Shampoo,Hilcrhyme,その濡れた香りを嗅ぐと思い出す忘れてしまわないようにShampoo 香る まるでフレグランスまた誰かとすれ違うかおる香り 不意に無意識辿る過去に色も褪せたそのヴィジョンに問う思い出したいの？したくないの？自問自答香水よりも強烈に残る 鼻に頭に会いたくなるあなたにあそこ行けば… ここ歩いていれば…もしかして会えるかもしれないIt's flash back 残るジレンマはremember that days本当はもう消してぇんだTry again 試すデリート そう何回もでも何故このファイル無くなんないの？ちょうど出会った季節の頃にあなたは去った 香りだけ残し部屋、トイレ、風呂場も探した誰もいない家にただいまその濡れた香りを嗅ぐと思い出す 忘れてしまいたいのに変わらぬもの 今も使い続けることは辛いけどその濡れた香りを嗅ぐと思い出す忘れてしまわないようにShampoo 香る まるでフレグランスねぇ、ガラス張りのバスの湯気のむこう恥ずかしくて見れない上を向こう長い長いその濡れた髪はまるで天女横で俺は少しだけ演奏できない直視 寝れない僕にそっと寄り添い迎える翌日朝のコーヒー 飲み干したら待つのは残酷な程の遠い距離同じもの使い出したシャンプー君が近くにいる気がした切らしたら買い足した ah俺を満たした香り それも今は過去にでも離れない離せない 既に俺にも欠かせないならいっそこのままでその濡れた香りを嗅ぐと思い出す 忘れてしまいたいのに変わらぬもの 今も使い続けることは辛いけどその濡れた香りを嗅ぐと思い出す忘れてしまわないようにShampoo 香る まるでフレグランスその濡れた香りを嗅ぐと思い出す 忘れてしまいたいのに変わらぬもの 今も使い続けることは辛いけどその濡れた香りを嗅ぐと思い出す忘れてしまわないようにShampoo 香る まるでフレグランス
146840,The Misfit Go,OLDCODEX,"届きそうな世界へI can sense the light clearwhen I'm in the Depthit change its form when I reach my hand outinside it, beside it...素通りな言葉にあざやかに裏切られWhat's been up with you？眩しい程に遠ざかって振り返る景色に見とれたんだThanks for the lies you let me downネガティブな交響戻れない儚い瞬間の中で見失ったんだろう悲しい嘘と嘲笑ってた僕は優しさを履き違えて風向きにも楯突いた日々は空の色忘れていた臆病になりそうな鼓膜も誤摩化せなくて震えた君の言葉遠ざかって溢れそうな想いに気付いたんだThanks for the vains you let me downブレていた肖像戻せない儚い瞬間の中で見失ったんだと悲しい嘘を受け入れた日々は描いた夢も失くして風と共に消え去った君の優しさに溺れていたto find out what is really going onI still remain lying down now, the misfit go騒々しい世界の先へ届きそうな気がしてた悲しい嘘と嘲笑ってた日々は優しさを履き違えて風の中に包まれた僕は空の色取り戻して悲しい嘘と諦めきれずに眼差しが覚えていた"
216446,かえりみち,ZABADAK,かくれんぼ　かくれてたらいつのまにか　ひとりきりおかしいね　木陰にだれかかくれていたのに通せんぼ　通りぬけたオニはどこ　ここはどこ日がくれる　おうちが遠いふりかえれば夜動きだした　心の窓を流れて行く　景色は遠く帰りたいな　帰るよ　帰れない近くても　たどりつけなくて届きそう　でも今は届かない目かくしされた　そのむこうへふるえてた　百舌の瞳砕け散った　ガラス玉七月の止まない雨いつまでも　見ていた大人になる　そのたび少し本当の僕に　耳をふさいだ帰りたいな　帰るよ　帰れない遊びつかれて　眠った日にいつまでも　いつまでも手をのばす行きつくことない　あの頃へ
127542,キラリ,三浦サリー,ずっと探してたココロの居場所何度も恋してきたつもりだけど完璧求めすぎてたキミに出逢ってやっと気づけたのこんな私でもいいかな??小さくてもキミの一番星のようにキラリキラリ…キミの笑顔の横で歩いてける幸せ昨日凹んだことも一瞬で消えてくよキラリキラリ…キミの左手にくるまれる私の右手守られてる…ってココロからそう思えるの「大好きだよ」って初めてキミが言ってくれたとき涙出ちゃったことねぇ、今も覚えてる?不思議そうに覗くキミの顔を見たらなんか笑いこぼれちゃって「大好きだよ」って素直に言えたよキラリキラリ…キミがくれる憧れてた夢のような時間このままずっとトキメキ抱きしめていたいキラリキラリ…キミの目に映る私はどんな顔してる?やっと見つけた、大切なキミのそばで「今日はどこに行こっか?」そんな会話さえ嬉しくてこんなあったかいキモチなのはキミがいるからだね誰にも見せなかった壊れそうな夜には「大丈夫だよ」ってぎゅっと抱きしめてくれたねずっとずっとずっとそばにいてキラリキラリキラリ　ラララララキラリキラリキラリ　ラララララキラリキラリ…キミの笑顔の横で歩いてける幸せ昨日凹んだことも一瞬で消えてくよキラリキラリ…キミの左手にくるまれる私の右手守られてる…ってココロからそう思えるのキラリキラリキラリ　ララララララララララキラリキラリキラリ　ララララララララララ
47213,目覚めた朝は…,ZARD,あんなに好きだった都会ももう夢中になるものはなくてベランダから見ていた空地はもうすぐビルが立ち並び 変わってしまうよどこに行こうと君の自由だけどせめて夢に出る時くらいは笑っていてよああ 目覚めた朝はglayな曇り空なんだか冴えない僕の気持ちに似ていた知らないから言えた事も知りすぎると言えなくなるこんなに心をみせた女(ひと)はいないよ暴言(あれ)は強がりだと気付いて欲しいどうしたら昔の二人に戻れるだろう季節がさらっていってしまうよああ 目覚めた朝はblueな雨だった一日で最初に思い出すのは君の顔ああ 急いで追いつかなくちゃ…君は目の前を通り過ぎて行ってしまうからああ 駆け出した車は振り向かない打ち明けたかったよ “今でも愛している”と
18941,One True Love,"10,000Promises.",今 切なくて 苦しいほど 会いたい君しか見えない 思いを重ねては 夜が明けて行く僕の側にいてよ 抱きしめてよ君に 君だけに 会いたくて言葉などいらない 何もいらない僕は ただ1つの 愛を信じて 君と歩いて行くkeep my faith 離さない 君を悲しませないtouch your faith 今までは 傷付けてah~ゴメン僕の側にいてよ 抱きしめてよ君に 君だけに 会いたくて言葉などいらない 何もいらない僕は ただ1つの 愛を信じて 君と歩いて行こう誤魔化すように ただ 偽っていた駄目な僕には 君の笑顔が 愛しいめぐり会えた二人 このキセキはいつも いつまでも 離れない涙 溢る時も 笑う時もここに僕が今 生きているのはそこに君が いるからforever and ever星が降る夜STAY STAY STAYどんな時でも 君の側にいたい
17584,湯けむりの宿,西方裕之,送る背中が　つらいからわたし始発で　帰ります湯けむりの湯けむりの　なさけ宿昨夜あなたに　愛されて今朝はわかれる　いで湯駅明日が見えない　ふたりでも契(ちぎ)る情けに　うそはない湯けむりの湯けむりの　しのび宿光る線路の　その先は狭霧(さぎり)流れる　いで湯駅倫(みち)にはずれた　恋だけど罪はわたしが　せおいます湯けむりの湯けむりの　かくれ宿胸にあなたの　ぬくもりを抱いて汽車待つ　いで湯駅
252662,サセル体操(Gymnastics to make),Sweet Robots Against The Machine,おはようございます。サセル体操第一腕を前から上にあげさせて、強引に背伸びの運動5人がかりで手足の運動相手の弱みにつけ込んで腕を回させる立場を利用して胸の運動権力をチラつかせながら足を開かせて横振りどさくさに紛れて体を横に曲げさせる言葉巧みに前下に曲げさせる混乱に乗じて上体を前後に曲げさせるお酒の力を借りて手を腰後ろに曲げさせる正式な手続きを踏んで腕を振らせて体を捻らせる身内を巻き込んで足を戻させて手足の運動をさせるなし崩し的に足を横に出させて斜め下に曲げさせる情に訴えて腕を振らせて体を回させる業者に頼んで足を戻させて、両足飛びさせる遠隔操作で手足の運動金に物を言わせてのびのびと深呼吸それでは今日も一日元気に頑張らせましょう
52809,Bite to All,the GazettE,溶け出したチョコレートのようさ使いっ走りのmoney making joker用がなくなりゃtrash boxに突っ込まれてさ　pig of hell on earth ha ha利用されて捨てられた　SMHあんたは俺に向かってこう言った「せいぜい光もしねぇダイアでも磨いときな」スクラップライドルーザーが吠えてやがるぜS1 Bite to hips.royal dog!S2 Flatter or Die?which are you?S3 This Life is gambleS4 Bet you on dice of the R&Rbadguy気取ったbulldog menbootsも履かずに踊っているcoxまたいでcuteよりはあんたにはそっちがお似合いだぜwhite frag高々かざすそれはエンブレムか?ニヒルクールもう終わりか裏のマスター?Can you still play if fanged?「Come on! pig of hell on earth!」
239839,恋の戦士,むすびズム,かがやき　求めて踏み出す　世界へ始まりを　告げる　シンフォニードキドキ　してるホップ　ステップ　ジャンプ攻略の　レベルも　アップ　Uhナイトは　みんな　魔法が　使えるから銀河の果てまで　到達できちゃうイメージヒカリの速さで　爆発するんだビッグバンボクらは　恋の戦士　だれにも止められないこのコブシ掲げたら　敵はいつでも一撃必殺ボクらは　恋の戦士　スペクタクルな気持ち未来へと続く日々　追いかける　ファイター何度でも　オーライ　立ち上がる　もう一回守り抜きたい　夢シアワセ　重ねてその胸に　響く　テレパシー信じて　うたうウォーク　スキップ　ランニング最高の　スキルで　ダッシュ　Uhハートも　踊る　魔法は　ミラクルパワー鼓動リンクする　運命のループたどって宇宙を超えてみたい　革命級のペースでボクらは　恋の戦士　すべてを懸けて生きる明日へのイズムなら　どんな時でも百発百中ボクらは　恋の戦士　ナミダにさえ負けない大切な今を抱いて　ともに行こう　ヒーロー転んでも　オーケー　立ち向かう　1000％ボクらは　恋の戦士　だれにも止められないこのコブシ掲げたら　敵はいつでも一撃必殺ボクらは　恋の戦士　スペクタクルな気持ち未来へと続く日々　追いかける　ファイター何度でも　オーライ　立ち上がる　もう一回
15564,Never mind,Kids Alive,今　キミはこんなにこんなに…輝いているきっと明日をつかめるよ新しい日々　新しい街みんな　それぞれ歩き出すこれから始まる物語に少し戸惑いながら「大丈夫　頑張れるサ…」立ち並ぶビルの下　したたかに咲いているこの花のように今　キミは　こんなにこんなに…輝いているきっと明日をつかめるよだから　どんなにどんなに…くじけそうでも歩こうその強さが道を照らすからウマくいかずに立ち止まり涙　流すこともある大人が作った矛盾な世界につまずくこともある「大丈夫　頑張れるサ…」限りなく進んでいく後戻りを知らない　あの川のように今　キミは　こんなにこんなに…輝いているきっと明日をつかめるよだから　いつでもいつでも　あきらめないで歩こうそしてこの広い空に　キミの夢をかざそう「大切なことは自分を失(な)くさないことさ」今　キミは　こんなにこんなに…輝いているきっと明日をつかめるよだから　どんなにどんなに…くじけそうでも歩こうその強さが道を照らすから
61370,Smile For Me,HOUND DOG,泣きたかっただけなんだきっとあのとき誰でもいいから抱いててほしくて防波堤から見つめる海が好きだった風の音にまぎれてなにかを思いだせたそれぞれの夢　少し見ていただけさほんとの気持ちを　ふたりでわかちあいたいよSmile For Me君のまぶしさに生まれた奇跡を　信じたいSmile For Youすべて受けとめてずっとふたりさ　ふたりさひとりで傷ついたのは誰かを信じて愛した証しと思えればいいのに唇にふれたくてもためいきが邪魔する涙がこぼれた時間をほどきたいよ長い夜でも　消えぬ微笑み　捜しさみしいときには　いつでも飛んでゆきたいよSmile For Meはるか未来までつないだこの手　離さないSmile For You君のためだけに涙の痕を忘れてSmile For Me君のまぶしさに生まれた奇跡を　信じたいSmile For Meはるか未来までつないだこの手　離さないSmile For Youすべて受けとめてずっとふたりさ　ふたりさI Wanna Hold YouBaby All The Way
228778,Mona Lisa,D'ERLANGER,レフトハンドのMAKE LOVE　ふしだらにI LOVE YOUアヴァンギャルドなチークダンス　そうさBaby Baby Crazy Baby　夜が消える前に口唇からJEALOUSY　天使と悪魔がマーマレードなランデヴー　キミとBaby Baby Crazy Baby　キミが笑う前に艶やかな　けだるいKISSびしょ濡れのMOONLIGHT　シャワーの後遊び上手なJULIET　気取り屋のROMEO　ビロードみたいに　そっとBaby Baby Crazy Baby　キミに触れる前に囁くような　淫らなKISS凍えそうなMOONLIGHT　爪を噛んだDancing' in the pleasurenightカリスマの影はそっと猥褻　きわどいマーメード愛してるって　この夜をトかすなら　これで終れるわトロける程　嘘つきなKISSシリアスなMOONLIGHT　薔薇と踊れDancing' in the pleasurenightカリスマの影はそっと猥褻　きわどいマーメード愛してるってこの夜をトかすなら　これで終れるわDancing' in the loneliness絡みつく月影がやらしく　くちずさむアイロニー愛はいつも気紛れに微笑んで　夜を終わらせて夜を終わらせて...
13523,シンデレラ・アカデミー,ユニコーン,噂にも上らない　話してもつまらないどこにでもいるような　グレイなのっぽ誰も気づいてない　猫背の後側ズームアップしてみたら　瞳がゴージャス俺は魔術師　Hey　girl　言う通りにしてごらん大丈夫愛してる　叫ぶアブラカダブラPurple　eyes　そう　エッチな視線覚えて親近感　持たせるだけじゃだめぶ厚い　レンズ　メガネなんかはずしてほらね　見違えたぜ　アヒルの子シンデレラとランチタイムさ噂じゃ　高嶺の花　VOGUEのモデルはだしどこかで見かけたけど　相手ものっぽ俺は魔術師　No　girl　言う通りにしてごらん大丈夫愛してる　叫ぶアブラカダブラ一生懸命　Dress　up　今さらながらIt's　too　late　この恋の魔法で天真爛漫“そのシャツ似合わないわ”大逆転　軽い挨拶だけシンデレラは俺のものでしょバイバイ　バイバイ　Oh　girl　種も仕掛けもミエミエ大丈夫愛してる　Once　again　叫ぶアブラカダブラ一生懸命　Dress　up　今さらながらIt's　too　late　この恋の魔法でここ一番　そう　クールな視線覚えて安心感　持たせるだけじゃだめだめ一生懸命　Dress　Up　今さらながらIt's　too　late　この恋の魔法でシンデレラとランチタイムシンデレラは俺のものだシンデレラは
153303,プラチナ,松下唯,I'm a dreamer ひそむパワー私の世界夢と恋と不安で出来てるでも想像もしないもの　隠れてるはず空に向かう木々のようにあなたをまっすぐ見つめてるみつけたいなあ　かなえたいなあ信じるそれだけで越えられないものはない歌うように奇蹟のように「思い」が全てを変えてゆくよきっと　きっと　驚くくらいI'm a dreamer ひそむパワーまだ見ぬ世界そこで何が待っていてももしも理想とちがっても　恐れはしない鳥たちは風にのり旅をしてゆく今日から明日へと伝えたいなあ　さけびたいなあこの世に一つだけの存在である私祈るように星のようにちいさな光だけど何時かはもっと　もっと　つよくなりたい限界のない可能性がここにある　この手にIt's gonna be your worldみつけたいなあ　かなえたいなあ信じるそれだけで越えられないものはない歌うように奇蹟のように「思い」が全てを変えてゆくよきっと　きっと　驚くくらい
141724,Fuck you very much,The Mirraz,fuck you very much 心からありがとう感謝しておりますfuck you very much 最悪な事態にだって感謝してます人の夢食って生きるようなやつがいるから気をつけて言うなればバクだ　神様のバグかもね騙されないで最近はどう?感心だね不完全な本気(マジ)ったら完全な詐欺あの日はもう忘れない最低に最悪な君がくれたサプライズありがとう　ありがとうありがとう　ありがとうありがとう　ありがとうありがとう　ありがとうfuck you very much 心からありがとう感謝しておりますfuck you very much この世の全ての出来事に「本当にありがとう」憎しみからの産物はいつか滅びる忘れよう正義の使者が乗って来た真っ黒いモービル乗り込んで幸せになるよ　僕らには権利があるから邪魔させないよ誰かが何か言ったって僕らは歌える奏でよう体調はどう?完璧だね安定の「不安定」が健在のようhigh and low でも high and highhigh and high and high and high僕の周りの空気にだって感謝してるんだ　いてくれてありがとう何もかも　最高だね最低に背徳な君がくれたサプライズありがとう　ありがとうありがとう　ありがとうありがとう　ありがとうありがとう　ありがとう
153100,"Good morning, MOTHER fxxker",D.I.D.,"good morning,motherfxxk off right now俺はお前に撥ね付けられ笑うことすら許されやしねぇ腹を抱えて指差すお前底にひれ伏せクズ共がこれはお前に手向けた嘘嘘と気づかずむしゃぶりつけクズが集まり馴れ合う罪去ねろ今すぐクズ共が響く声は遠くへ消え意味を殺ぎ歌うことも許されずに目を瞑るもう誰も　もう何も消えてくれただ、此処にある希望灯り消えぬ最期よ飛べどうかまだ最期に一度だけ忘れ得ない此の、灯り消えぬ最期よ飛べ"
286928,拳,山川豊,堕ちるとこまで　堕ちたなら失くすものなど　なにもない口じゃ強がり　叩いたけれど昔　馴染みの　居酒屋の灯りも　そっぽを　向きやがる…… しょっぱいよなあ他人は見た目で　品定め脛に傷持ちゃ　なおのことそれが　世間と　奥歯を噛んでくぐる　ガードの　暗がりで鳴いてる　仔猫を　抱きあげる…… あったかいなあ遅い春でも　花は咲く雨があがれば　陽ものぞく裏を見なけりゃ　見えない表握り拳を　梃子にして人生　かならず　這いあがる…… やるっきゃないなあ
189784,マイヒーロー,ドラマチックアラスカ,かすかに聞こえたのは僕自身のバイタルサイン息すらもう絶え絶えに窓にちらつく少年の影誰より響いたFコード何度も何度も聞き返すそのシルエットは永遠さ全部覚えているまだ消えない消えないでいる憧れの灯は守り続けてる何を言われようとずっと変わらないヒーローを今も信じている嫌でも聞こえるのはどこの誰かも分からぬ声センスレスな目と耳で何を感じ何を思う痛みはいつだってあるのさ乗り越えられるはずもないや積み重ねたその痛みこそ全部強さになるまだ癒えない癒えないでいるあの日の傷は痛み続けてるもう弱くない強くなった今誰かの憧れになれたか擦り切れた大事なレコード傷だらけの腕で抱えて風がその身を切りつけてもその足で立ってる雨のあとに虹はかかるから今は泥にまみれて突き進め
117318,イヤホン,ゴールデンボンバー,今とても辛い状況なんだと　ブログで知ったよ腐った世界に笑顔を殺され　君が泣いている何も出来ないけどいつかこの歌が形になりますように届け僕の声　涙に暮れている君までもう悲しい雲におおわれないように遠くで叫んだ想いが溢れてくよ小さなイヤホンから夢見ろと言ったり踏みにじったり　何信じていいの素直なその目がまた一つ陰る　勝手な世の中だね届け僕の声　独りで震える君までもう誰もその心を痛めないように遠くで奏でた想いが溢れてくよ小さなイヤホンからあぁ君にそんな歌届けばいいのになその時は、どうか笑顔に出来ますように届け僕の声　涙に暮れている君までもう悲しい雲におおわれないように遠くで叫んだ想いが溢れてくよ小さなイヤホンからあぁ君にそんな歌届けばいいのにな
13196,JUDY IS A TANK GIRL,JUDY AND MARY,暗やみに包まれた　金色のステージ押される背中は　沈黙を破るあのコの　穴だらけの耳たぶは今日も　すてきに歌を歌うかしら…？お目覚めの朝には　お決まりのhigh　school　daysいつまで　バカな夢を見ているの!?ママは　ヒステリックにゆうけど…いちかばちかの危ないGameに飛びついて夢の最後を　見届けよう！JUDY　IS　A　PUNK　GIRLおそろいの　足ぶみは　ごめんナノJUDY　IS　A　TANK　GIRL飛び回る　星空に届くまで…窮屈な　世界には　しがみつけないNot　hold　on　fast!聞き分けの　いいコでいなさいってパパは　やさしい笑顔でゆうけど…いつも大切なものは通り過ぎてつかまえることが　できないのJUDY　IS　A　PUNK　GIRLあつすぎて　手に負えないの　Yeah…JUDY　IS　A　PUNK　GIRLおそすぎる　世の中を　飛び越してJUDY　IS　A　PUNK　GIRLJUDY　IS　A　TANK　GIRL星空に届くまでJUDY　IS　A　PUNK　GIRLおそすぎる　世の中を　飛び越して…
204623,産声,flumpool,唐突に舞い降りてきた光いつかの誓い　胸を熱くする想像する未来は色も音も無いああ　そうだ　これは君が描くストーリー僕が上げた　その第一声は歓喜の声か　それとも嘆きかなんだっていい　垂れた雲押しのけ響け高く　届け　未だ見ぬ君にトントンと刻み始めた鼓動モノクロの世界　また少し色づいていく時代は歪み　気がかりはあるそれでも　どうか僕らの元へ短いまつげ　濡らし　まどろむ視界包む体温　信じ　眠ればいい用意した名前は君に似合ってるかな？どんな顔して笑うのかな？君が上げる　その第一声は歓喜の声か　それとも嘆きかなんだっていい　ただそこに居ればつまり　君が彩る世界僕と　君を愛する総てが雲空晴らす　大風起こすからさあ　声上げ　力の限り生命の歌　響け何より高く
121217,どろどろ,THE BARRETT,星の視える夜はあの娘を右手に抱きしめ決まって朝まで呑んだくれてるのさなけなし果たいたら気楽になった気もするが明けたら寒さがちょっとだけ凍みるよ十五で目覚めたら高くも跳ねたくて背伸びをしてみたが大して変わらねえ地道にやるのが俺に似合いだよ少しは報われる時もあるのさはあ必要なだけのお金をくださいよおう馬車馬の様に働けよ直ぐに出来るだろ真夏の夕立も二人には楽しくてまるで子供の様に燥(はしゃ)いでいたものさ正面(まとも)に働いても良い事なんか見つからないが毎月不安になるよかましかなあはあ何時になりゃ給金上げてくれるかなおう何て暢気だね裸で裏から出て行きな俺なら今夜も窓辺であの娘と風を煽(あお)って得意になってるよ
66899,Sweet Suger Jane,HIGHWAY61,よく晴れた朝だった(Sweet Sweet Suger Jane)市場に向かう途中だった(Sweet Sweet Suger Jane)僕らが目にしたものは　ドナドナなんかじゃなかったSweet Sweet Suger Jane Sweet Sweet Suger JaneSweet Sweet Suger Jane Sweet Sweet Suger Janeひとりで踊っていた(Sweet Sweet Suger Jane)楽しそうにしてたんだ(Sweet Sweet Suger Jane)僕らに勇気をおくれよ　いっしょに歌っておくれよSweet Sweet Suger Jane Sweet Sweet Suger JaneSweet Sweet Suger Jane Sweet Sweet Suger JaneSweet Sweet Suger Jane Sweet Sweet Suger JaneSweet Sweet Suger Jane Sweet Sweet Suger JaneSweet Sweet Suger Jane Sweet Sweet Suger JaneSweet Sweet Suger Jane Sweet Sweet Suger Jane
176709,流星,Jazztronik featuring 黒沢薫,ただ floorの壁に　寄りかかってるだけじゃいつまでたっても笑顔になれはしないよもう迷わないで　少しだけ素直になればいいのさJazztronik groovin'　リズムの高なりに合わせて人のざわめきが　溢れ出す　center stage息を弾ませ　飛び込むのさ何もかも　解き放ち　踊れ　最高の夜さ身体を包む　光の渦　まるで流星心解き　思うままに　最高の夜に見つめる瞳の瞬きは　まるで流星シフォンのブラウス　ピンクのネイル歩き出さなきゃ　誰も　気付きはしないよ君を　感じたい　いつまでももっと　感じたい wooJazztronik groovin'　リズムに感情も揺らして音の煌めきが　降り注ぐ　center stage両手広げて　飛び込むのさ何もかも　解き放ち　踊れ　最高の夜さ身体を包む　光の渦　まるで流星心解き　思うままに　最高の夜に見つめる瞳の瞬きは　誰よりも首筋を伝うその汗も　溜め息に濡れるその唇も全てを強く抱きしめたいから　そばにおいで何もかも　解き放ち　踊れ　最高の夜さ身体を包む　光の渦　まるで流星心解き　思うままに　最高の夜に見つめる瞳の瞬きは looking for your starこのまま夜が明けるまでに…見つかるさ　君だけの星が…lalala...
186829,きこえるかい,syrup16g,いつのまにかここはどこだ君は何をしてる乾かぬまま白いシャツは風に揺られ飛ぼうとする大空へ歩道の上うつぶせでも寝れるひんやりしてる渦の中覗き込めば見える恥ずかしい気持ちがそれとなくいいさ　どんな言葉でも受けるよいいさ　どんな言葉でも受けるよ知らせるさ　君にはきこえるかい知らせるさ　君にはきこえるかい
108110,白いマフラー,DEEP,こんなどうしようもない　ボクのことキミは愛してくれたね…ありがとう吐く息が視界を濁(にご)らせて　最後の場面　ぼやけてるよ別れ際 キミは微笑んで「じゃあまたね」って　いつでも逢える様な顔で冬雲(ふゆぐも)の下繋いでいた手を　そっと解(ほど)いて　歩いて行った降りだした初雪が　キミを　白く儚く　遠ざけてく追いかけても　戻らないこと　知ってるから　空見上げた背中から抱きしめるたびに　不意にくるりと前を向いて僕を見つめた　キミの笑顔　きっと忘れられないよ好きになるほどに　愛し合うほどにキミが抱(かか)えてた　寂しさを見ようともしないで身勝手な　言葉ばかり　押し付けたねいつだって キミは微笑んで楽しむことが　下手なボクの心の奥温め続けていてくれたこと　やっと今更　気付いてるんだ降り続く初雪の　色と　同じ色した　キミのマフラー目を凝らして　捜してみても　もうなんにも　もう見えない泣いて振り切れるものならば　いつまでだって泣いてるけど泣けないくらい　悲しすぎて　ただ此処(ここ)に立ちすくむよ幾千の　雪片(ゆき)がボクを　今 空に吸いこんで行く初めての想い　軋(きし)んだ痛み永遠に憶えてるから…降りだした初雪が　キミを　白く儚く　遠ざけてく追いかけても　戻らないこと　知ってるから　空見上げた背中から抱きしめるたびに　不意にくるりと前を向いて僕を見つめた　キミの笑顔　きっと忘れられないよ
243326,ラッキー SMILE,シシレッド／ラッキー(岐洲匠),果てしない未来　目指して行こう宇宙一の幸運身につけてアツイ景色見たいだけさむずかしいこと考えないないな～い夢を信じる力がある限り眩しいドアは必ず開くよラッキーSMILE今日よりもっと遠くへ走り出したスピードも踊るラッキーSMILE運命さえ飛び越えて奇跡　起こせよっしゃ　ラッキー！誰にもある　譲れない夢その続きは自分次第さ胸の奥の熱い想いやると決めたらやるしかないないな～い心折れそうなときもくじけずに明日を信じて輝く未来へラッキーSMILE大空駆け出して行こう笑顔のステージ舞い上がるよラッキーSMILE見たことのない場所まで連れて行くぜよっしゃ　ラッキー！ラッキーSMILE今日よりもっと遠くへ走り出したスピードも踊るラッキーSMILE運命さえ飛び越えて奇跡　起こせよっしゃ　ラッキー！
239172,夢みたい,syrup16g,君が寝た後で　窓の外は雨で痩せた小枝が　震えているよいつか見た海へ　二人は辿り着いて君の口から　さよならを聞く夢みたい　夢みたい夢みたい　夢みたいだ叶わなくて涙溢れて　僕を洗い出して何も知らない　振りするんだろう引き出しの隅で　二人は笑っていて明日の予定を　相談するの夢みたい　夢みたい夢みたい　夢みたいだ叶わなくて　叶わなくて叶わなくてそう夢　そう夢そう夢　そう夢そう夢か
224932,Our days,Hey! Say! JUMP,見上げた空に　舞い上がる花びらたち当たり前の日々に　最後のチャイムが鳴るここから僕ら　それぞれに旅立つんだねサヨナラから始まるように誰もいない教室校庭の隅　思い出は消えないずっと忘れないよ　君とここで会えたこと泣いて笑って　今日まで来れたこと今　門出に立った僕らの夢はいつまでも輝くよ　風と共に走り出す思えば　時を忘れて語り合ったねいつの日も一人じゃなかった遠く離れてても負けないように　エールを送るからほら目の前には　広がってる希望の道新しい扉を開く時きっと　曲がりくねって悩みながら進む先で変わらないその笑顔で　また会おう思い込み上げて涙は零れ落ちる儚いほど綺麗な花ひらひら降り注ぎ僕ら別れの時ずっと忘れないよ　君とここで会えたこと泣いて笑って　今日まで来れたこと今　門出に立った僕らの夢はいつまでも輝くよ　風と共に走り出す夢を乗せて　君へ届け　思い込めて　ありがとう夢を乗せて　明日へ届け　吹き抜ける風と共に
82717,元気を出して,CHIHOMI,涙など見せない　強気なあなたをそんなに悲しませた人は誰なの?終りを告げた恋に　すがるのはやめにしてふりだしから　また始めればいい幸せになりたい気持ちがあるなら明日を見つけることは　とても簡単少しやせたそのからだに似合う服を探して街へ飛び出せばほら　みんな振り返るチャンスは何度でも　訪れてくれるはず彼だけが　男じゃないことに気付いてあなたの小さな mistake いつか想い出に変わる大人への階段をひとつ上ったの人生はあなたが思うほど悪くない早く元気出して　あの笑顔を見せて
113683,100年の恋,國府田マリ子,気晴らしに　ドライブしたほんのまだ　４・５日間海岸は晴れて　とってもいい気持ち昔から友達だしタイプとは言い難いし柔らかな　９月の風のいたずらか恋しているの？　まさかねなぜだか　胸が苦しいわ意外とこんな始まりもあるのかもねあなたに　あなたに　会いたいあなたの画像　次から次に浮かぶのよ恋っていえる？　これってときどき不安　隠せない１００年続く始まりになればいいなあなたに　あなたに　会いたいあなたに　会いたい　あなたにあなたに　会いたい　あなたに
260354,RED,Survive Said The Prophet,"IN SPITE OF HOW THE WORLD DECIDES TO SEE MY LIFEWOULD I STILL HAVE A CHANCE FOR US TO SAY GOOD BYEOVER AND OVER AGAINIF I DECIDE TO BURN INSTEAD OF FADING OUT,I STILL WOULD LIKE THE CHANCE FOR US TO SAY GOOD BYEOVER AND OVER AGAINIF WE CAN BE FOUND,WE SURE CAN GET LOSTTHROUGH ALL THE MADNESS OF FALLING IN LOVEIF WE'RE TRULY LOSTI DON'T WANT TO BE FOUNDHERE DYING ALONETHE STAIN OF RED THAT COLORS THE PAVEMENTPAINTED WITH BLOOD OF SOMEBODY YOU LOVEIS THIS SACRIFICE FOR THE BROKENLOSING THE PUREST OF WHAT'S IN MY HEARTTOO CLOSE BUT FAR ENOUGH FOR ME TO SEETHE VISION OF MY EYES WAS FOOLED BY NO ONE ONLY MEI'LL KEEP MY EYES SHUT PULL THE TRIGGERFORGET TO PRAY BEFORE WE SAY GOODNIGHT"
168511,二人の東京,ジューシィ・フルーツ,サングラス真夜中の赤坂一つ木通り追いかけて　くれるうちが花のタレントどおし結婚なんてしません一緒に住んでるなんていやだな　僕等いつでも良い子よねェ　Kissの味さえも知らないわ清く生きる　さだめなの見つめあうそのしぐさもわざとらしいかしら噂にも　のぼらなくちゃ困るタレントどおし尊敬してるだけですいい人なんですとてもそれしか言えないんですどーしましょねェ　嘘ついてもまもり通すのそれが生きる　さだめなの結婚なんてしません一緒に住んでるなんていやだな　僕等いつでも良い子よねェ　Kissの味さえも知らないわ清く生きる　さだめなのねェ　よくある話じゃないですかどうぞ　そっとしといてね
99835,Christmas Song,織田哲郎,銀色の風の中　溢れるメロディー足早に行き交う　恋人たちも輝かせて星空が描きだす　天使のほほえみ全ての悲しみを洗い流す　そんな夜さMerry Christmas　今夜は君のそばにいてMerry Christmas　変わらぬ愛をつたえようしあわせ降りそそぐように　祈りをこめて思い出は鮮やかに　まだ幼い日々瞳を閉じて待てば　どんな奇跡もかなったねMerry Christmas　今夜は君のそばにいてMerry Christmas　変わらぬ愛をつたえようしあわせ降りそそぐように　祈りをこめてMerry Christmas　今夜は君のそばにいてMerry Christmas　変わらぬ愛をつたえようしあわせ降りそそぐように　祈りをこめてしあわせ降りそそぐように　祈りをこめて
217385,Song for You：Song for Me,伊礼亮,歌うよ君のために Song for You水平線の隙間からかすかに覗いた孤独持て余して握りしめたこの胸の傷口導線上のその先に並んだ星座を繋ぎ浮かび上がる物語が少しだけ優しいけど眠れない夜に一人浮かぶよ　悲しげな瞳の記憶伝えきれなかった言葉もう二度と諦めたくないんだSong for You　聞こえるかなSong for Me　届けるからこの思いを　心込めて歌うよ君のために Song for You心拍数の経験値ここから始まる世界入り口で立ち尽くして少しだけ臆病になるよ傷つけたくなかったそして傷つけられたく無かった答えがわからなくてもこのままで立ち止まれないんだYesterday　昨日までのDay by Day　悲しみさえ置いていくよ　不安だけど振り向かないよきっと　さあ手を振ってYesterday　どんな夜もDay by Day　朝が来るよ前を向いて　歩き出そう行き先の地図なんて　持ってないけど小さな覚悟と勇気　胸に隠してSong for You：Song for Me諦めたくないんだSong for You　聞かせて今Song for Me　君の声を側にいるよ　もう一人じゃ無い約束するよきっと　ずっと一緒だよSong for You　聞こえるかなSong for Me　届けるからこの思いを　心込めて僕に出来る事は　ひとつだけど歌うよ君のために Song for YouSong for Me　歌うよ
57702,HIMAWARI,愛内里菜,どんな日も　太陽に向かいつづける　ひまわりの花精一杯　光浴びて輝くよ　勇気の花傷を負うごとに心に咲かせてきては決して枯らさぬよう　そう　決して折れぬようそれでも些細な思いさえも　むくわれぬ日がありました思い出して　僕たちは描いてくものが奇跡のような　夢のような　ものだとしても思いを遂げる力を信じて　生きてゆく者同志さ幾度と悩んで　迷い積み重ねてきたあの日の失敗や　そう　深い後悔は心の応援席で自分を　支えつづけるものになる忘れないで　僕たちは望んでくものが祈りのような　願いのような　ものだとしても思いを遂げる力を信じて　生きてゆく者同志さどんな日も　太陽に向かいつづける　ひまわりの花揺るぎない信念のように　心に咲かせつづけよう苦しい瞬間　辛い瞬間　なお自分を抱きしめて遂げる力を信じて　生きてゆく者同志さ
109732,卒業,サンタラ,街のウワサをもう君は聞いた?ちょうど同じ事私も思いついてたところよやられたわ　一歩遅かったわ一歩遅かったわなんてさ　肩たたき合ってさ気に入ってるのよこの毎日が笑ってばかりいられるわけじゃないけどポケットにコイン　頭の上に太陽　もしくは月　時々雲　星空いつまで私達こうしていられるのかしら?ずっとこのままいたいけど　そういうことにしてくれないかな花屋の店先であの人の好きな花が咲いてる顔なんて随分おぼろげになったけど妙なことだけ覚えてるものさ大人達は子供に夢中　子供達は猫に夢中　猫は鳩に気を取られていて鳩はポップコーンに夢中　永遠に一方通行ぐるぐる廻って溶けてバターになってそれはお伽話だっけね　それはお伽話だっけねいつまで私達こうしていられるのかしら?ずっとこのままいたいけど　きっとそうもいかないよね君のバイクの後ろに乗せてってくれないか?東京湾の暗闇に何を　何を捨てたのかって訊かないでね　後ろ向いててねこれが初めてじゃないわマボロシみたいに光る橋の上　君にしがみついて好きなのも嫌いなのも行き過ぎると無感覚に近い人々はもしかしてこれを潮時って呼ぶのですか?ずっとこのままいたいけど　きっとそうもいかないね
97975,熱海妻,三沢あけみ,風に追われた　湯けむりに泣いてつかまる　長い夜心細さに　見る月は雲に消される　二十日月ひとり情の　熱海妻月のあかりで　妻と書く名前とかした　なみだ文字こころ寒さに　宿帳を抱いて眠った　波の夜湯気に隠れる　熱海妻一生添えない　宿命(さだめ)でもあなた待つ夜の　うれしさに酔えば咲きます　おんな花梅花(うめ)によりそう　鶯あなた待ちます　熱海妻
101731,かあさんの歌,ペギー葉山,かあさんが夜(よ)なべをして手袋編(てぶくろあ)んでくれた“木枯(こがら)し吹(ふ)いちゃ冷(つめ)たかろうてせっせと編(あ)んだだよ”ふるさとの便(たよ)りは届(とど)くいろりの匂(にお)いがしたかあさんは麻糸(あさいと)つむぐ一日(いちにち)つむぐ“おとうは土間で藁打(わらう)ち仕事(しごと)お前(まえ)もがんばれよ”ふるさとの冬(ふゆ)はさみしいせめてラジオ聞(き)かせたいかあさんのあかぎれ痛(いた)い生味噌(なまみそ)をすりこむ“根雪(ねゆき)もとけりゃもうすぐ春(はる)だで畑(はたけ)が待(ま)ってるよ”小川(おがわ)のせせらぎが聞(き)こえる懐(なつ)かしさがしみとおる
